month_number,month_name,revenue_2022,revenue_2023,revenue_yoy,profit_2022,profit_2023
1,January,542554.91,747196.22,0.3772,167126.0,205074.0
2,February,541351.65,722632.19,0.3349,161861.0,189314.0
3,March,589485.19,883515.64,0.4988,173992.0,231909.0
4,April,681072.98,827691.07,0.2153,190099.0,215096.0
5,May,672369.9,825319.49,0.2275,186894.0,210347.0
6,June,661980.22,808299.25,0.221,189815.0,207212.0
7,July,556034.23,828348.86,0.4897,176922.0,209807.0
8,August,489422.73,660877.07,0.3503,158931.0,175038.0
9,September,585844.04,658194.48,0.1235,166397.0,180445.0
